{"initial_reset_timestamp": 1586270066.3458505, "timestamps": [1586270080.4318337], "episode_lengths": [200], "episode_rewards": [-123.61461826306233], "episode_types": ["t"]}