{"initial_reset_timestamp": 1586181349.8220584, "timestamps": [1586181353.9958065, 1586181365.5319545], "episode_lengths": [104, 200], "episode_rewards": [104.0, 200.0], "episode_types": ["t", "t"]}