{"initial_reset_timestamp": 1586181358.0817645, "timestamps": [1586181365.5453765], "episode_lengths": [200], "episode_rewards": [200.0], "episode_types": ["t"]}