{"initial_reset_timestamp": 1586181000.0039651, "timestamps": [1586181016.8435884], "episode_lengths": [135], "episode_rewards": [94.83881853272486], "episode_types": ["t"]}