{"initial_reset_timestamp": 1586181340.0263152, "timestamps": [1586181343.951371, 1586181353.9857087, 1586181365.5319192], "episode_lengths": [145, 104, 200], "episode_rewards": [145.0, 104.0, 200.0], "episode_types": ["t", "t", "t"]}