{"initial_reset_timestamp": 1587607591.1635592, "timestamps": [1587607592.4196768], "episode_lengths": [78], "episode_rewards": [-77.0], "episode_types": ["t"]}