{"initial_reset_timestamp": 1586906311.1318429, "timestamps": [1586906315.3152175], "episode_lengths": [350], "episode_rewards": [250.92628030953185], "episode_types": ["t"]}