{"initial_reset_timestamp": 1586906137.716308, "timestamps": [1586906184.9786434], "episode_lengths": [337], "episode_rewards": [13.633592590336235], "episode_types": ["t"]}